Questions,Answers
How can I start learning SEO?,
Can Python be used for SEO?,"Python is a powerful programming language that has gained popularity in the SEO industry over the past few years. With its relatively simple syntax, efficient performance and abundance of libraries and frameworks, Python has revolutionized how many SEOs approach their work.Apr 12, 2023"
What is SEO in programming?,"SEO means Search Engine Optimization and is the process used to optimize a website's technical configuration, content relevance and link popularity so its pages can become easily findable, more relevant and popular towards user search queries, and as a consequence, search engines rank them better."
How is Python used in web development?,"Python's role in web development can include sending data to and from servers, processing data and communicating with databases, URL routing, and ensuring security. Python offers several frameworks for web development. Commonly used ones include Django and Flask.Nov 20, 2023"
What is the first thing to do in SEO?,"Keyword research should be the very first step on your SEO journey. It is especially important in two common scenarios: Getting to know your niche â€“ when starting a new website, keyword research can provide a great overview of what sub-topics are interesting for people in your niche or industry.Dec 5, 2023"
How to do SEO for beginners?,"	- Step 1: Find keywords.
	- Step 2: Put keywords in the page title.
	- Step 3: Put keywords in the page URL.
	- Step 4: Put keywords in your meta description.
	- Step 5: Put keywords in your H1 text.
	- Step 6: Use keywords in the page's content.
	- Step 7: Build links to your website.
	- Step 8: Monitor your rank."
